date,cpi
2014-01-01,4.63
2014-02-01,5.06
2014-03-01,5.26
2014-04-01,5.3
2014-05-01,5.56
2014-06-01,5.6
2014-07-01,5.74
2014-08-01,5.22
2014-09-01,5.48
2014-10-01,5.64
2014-11-01,5.77
2014-12-01,5.38
2015-01-01,5.86
2015-02-01,6.17
2015-03-01,5.56
2015-04-01,5.53
2015-05-01,6.36
2015-06-01,6.11
2015-07-01,6.56
2015-08-01,6.0
2015-09-01,5.9
2015-10-01,5.68
2015-11-01,6.56
2015-12-01,6.17
2016-01-01,5.9
2016-02-01,5.78
2016-03-01,5.29
2016-04-01,5.57
2016-05-01,5.17
2016-06-01,5.34
2016-07-01,5.39
2016-08-01,5.34
2016-09-01,4.91
2016-10-01,5.3
2016-11-01,5.05
2016-12-01,5.25
2017-01-01,5.14
2017-02-01,5.28
2017-03-01,4.63
2017-04-01,5.42
2017-05-01,4.46
2017-06-01,4.67
2017-07-01,4.81
2017-08-01,4.92
2017-09-01,4.67
2017-10-01,4.75
2017-11-01,5.38
2017-12-01,4.62
2018-01-01,4.55
2018-02-01,4.51
2018-03-01,4.77
2018-04-01,4.02
2018-05-01,5.09
2018-06-01,5.67
2018-07-01,5.22
2018-08-01,5.69
2018-09-01,5.3
2018-10-01,6.04
2018-11-01,5.73
2018-12-01,5.69
2019-01-01,5.5
2019-02-01,5.95
2019-03-01,6.52
2019-04-01,5.51
2019-05-01,6.14
2019-06-01,6.15
2019-07-01,5.92
2019-08-01,6.19
2019-09-01,6.73
2019-10-01,6.38
2019-11-01,6.93
2019-12-01,6.55
2020-01-01,6.66
2020-02-01,6.98
2020-03-01,6.69
2020-04-01,6.83
2020-05-01,6.6
2020-06-01,6.65
2020-07-01,6.96
2020-08-01,6.48
2020-09-01,6.35
2020-10-01,6.54
2020-11-01,6.58
2020-12-01,6.24
2021-01-01,6.91
2021-02-01,6.48
2021-03-01,6.11
2021-04-01,6.44
2021-05-01,6.5
2021-06-01,5.81
2021-07-01,6.22
2021-08-01,5.85
2021-09-01,6.07
2021-10-01,6.49
2021-11-01,5.57
2021-12-01,5.82
2022-01-01,5.08
2022-02-01,6.23
2022-03-01,4.96
2022-04-01,5.61
2022-05-01,5.84
2022-06-01,5.49
2022-07-01,5.39
2022-08-01,5.47
2022-09-01,5.42
2022-10-01,5.03
2022-11-01,4.81
2022-12-01,5.92
2023-01-01,5.38
2023-02-01,5.67
2023-03-01,5.36
2023-04-01,5.71
2023-05-01,6.11
2023-06-01,5.79
2023-07-01,6.42
2023-08-01,6.16
2023-09-01,6.22
2023-10-01,6.4
2023-11-01,6.48
2023-12-01,6.68
